1,2500000,TechnoGroup
2,50000000,GeeksForGeeks
3,50512339,StarTech
4,72500000,Verzeo
5,25000000,CodingNinjas
21,41301365,Habitant Institute
27,18231704,Maecenas Iaculis PC
34,24994118,Blandit Inc.
41,93909402,Ac Libero Consulting
48,99643486,Purus Nullam Company
55,33655965,Dolor Nulla Associates
62,10144365,Cras Eu Foundation
69,64496736,Convallis Convallis Dolor Company
76,49970697,Dui Fusce Aliquam Incorporated
83,85532080,Nisi Mauris Associates
90,70335436,Vivamus Corporation
97,4207074,Commodo Ltd
104,40329873,Tempus Non Lacinia Consulting
