62,a.dui@hendreritneque.edu
59,ac.urna.Ut@cursusdiam.ca
71,accumsan.laoreet.ipsum@magna.edu
66,Aliquam.ornare@ametnullaDonec.org
91,amet@enim.co.uk
97,amet@inmolestie.com
28,augue.porttitor.interdum@leo.edu
41,augue.ut@fermentum.co.uk
87,condimentum.eget@laciniaatiaculis.edu
49,consequat.auctor@magna.org
58,Cras@aliquet.net
53,Cras@venenatis.ca
98,cubilia@montesnascetur.ca
43,dictum.ultricies@metusurnaconvallis.edu
99,dolor@lobortisrisusIn.com
92,dolor@mollis.net
12,Donec.consectetuer@Integeraliquamadipiscing.net
40,Donec.fringilla@Proinegetodio.edu
30,Donec.nibh@id.edu
19,dui.nec@nunc.org
33,dui.quis@vitaealiquameros.co.uk
51,dui@auctorodio.co.uk
100,egestas@variuseteuismod.org
42,eget.metus@magnisdis.edu
17,eleifend.nunc@Etiamlaoreet.co.uk
26,enim.gravida.sit@seddictum.ca
73,erat.Sed.nunc@eget.ca
55,erat.vitae@nullavulputatedui.com
64,et.nunc.Quisque@insodales.co.uk
56,et.rutrum@lectuspedeet.org
79,et@orciUt.ca
46,eu.eros@auctor.co.uk
76,eu.placerat.eget@enim.co.uk
101,eu.turpis.Nulla@miDuisrisus.ca
84,facilisis.vitae@ornaretortor.edu
94,faucibus@eleifendnuncrisus.com
107,Fusce.mollis@Donecfeugiatmetus.net
90,iaculis.lacus.pede@rhoncusNullam.co.uk
14,in.lobortis@ategestasa.co.uk
80,In.mi@semper.org
11,Integer.mollis@egestasFusce.co.uk
16,ipsum.sodales.purus@Curabitursedtortor.co.uk
3,Jeff12345@gmail.com
6,keshav19249@iiitd.ac.in
103,lectus.Cum@Nulladignissim.co.uk
23,lectus.pede.et@semmagnanec.co.uk
5,leslie7832@gmail.com
54,libero.nec@ipsum.edu
36,lobortis.quis.pede@estacfacilisis.ca
85,lorem.auctor@ligula.ca
110,lorem.tristique@vel.ca
67,lorem@Inscelerisque.org
82,lorem@nunc.com
37,magna.Suspendisse.tristique@egestas.edu
108,magnis.dis.parturient@Morbi.org
57,massa@sapien.co.uk
45,mauris.aliquam@SedmolestieSed.com
86,mauris.eu.elit@hendrerit.co.uk
89,Mauris@mollisIntegertincidunt.org
88,mi.lacinia.mattis@lobortismauris.co.uk
25,montes@viverra.co.uk
13,Nam.ligula.elit@pellentesquea.org
72,nascetur@orcitincidunt.ca
22,nec.quam.Curabitur@nulla.ca
61,nec@lacusMaurisnon.ca
20,nibh@tempusnonlacinia.org
29,nisi@luctuset.org
78,Nulla.facilisis.Suspendisse@parturient.com
24,Nulla@rutrumurnanec.ca
60,Nullam.vitae@Etiamimperdiet.net
96,nunc.ac.mattis@molestiearcuSed.org
48,ornare.libero@tinciduntpede.ca
35,pede.Cum.sociis@pharetra.co.uk
83,pede@Phasellusat.net
109,penatibus.et.magnis@Nullaaliquet.com
4,peter9213@gmail.com
74,porttitor.scelerisque.neque@CuraeDonec.edu
27,pretium.neque.Morbi@at.net
65,pretium@Donecporttitor.edu
7,pritish19440@iiitd.ac.in
105,Proin.nisl.sem@odio.org
38,purus.gravida.sagittis@nuncQuisque.net
69,quam.a.felis@consectetueripsumnunc.edu
104,quam@duinec.ca
47,quis.diam.Pellentesque@consectetuermaurisid.co.uk
77,Quisque.fringilla.euismod@commodo.co.uk
32,Quisque@Donec.ca
10,rasagya19088@iiitd.ac.in
2,robert12@gmail.com
1,robert1234@gmail.com
31,scelerisque.dui.Suspendisse@vitae.edu
34,scelerisque.lorem@quisarcu.com
106,sed.dolor.Fusce@magnamalesuadavel.co.uk
70,Sed.id.risus@Aliquam.org
81,sed@feugiattellus.net
15,Sed@Nam.net
44,sed@sollicitudin.co.uk
68,senectus.et.netus@acipsumPhasellus.edu
95,sollicitudin@ametluctus.com
63,tempus.mauris.erat@arcuCurabitur.ca
39,tempus.mauris@Etiam.net
102,tincidunt.nunc.ac@MorbimetusVivamus.com
21,ultrices.posuere.cubilia@parturientmontes.co.uk
52,urna.justo@Curabitur.com
93,ut@Sed.com
8,vinay19288@iiitd.ac.in
75,vitae.sodales.at@Vivamuseuismodurna.com
50,vulputate.dui.nec@laciniaorci.edu
18,vulputate@vellectus.org
9,yash19129@iiitd.ac.in
