a.dui@hendreritneque.edu,BLL04UJT8DO
ac.urna.Ut@cursusdiam.ca,HQU48LTN8KU
accumsan.laoreet.ipsum@magna.edu,VLC73RSY9YK
Aliquam.ornare@ametnullaDonec.org,SXG48TTM6SW
amet@enim.co.uk,DZR13FSJ8KE
amet@inmolestie.com,AYD71UAG0NH
augue.porttitor.interdum@leo.edu,TNQ36DXF8XC
augue.ut@fermentum.co.uk,NIO58YOB9UF
condimentum.eget@laciniaatiaculis.edu,QHN43TOC6MD
consequat.auctor@magna.org,OFJ89ZWU6NZ
Cras@aliquet.net,KVU09UGR2CY
Cras@venenatis.ca,TJW34USJ0FH
cubilia@montesnascetur.ca,YMB62WMQ6KO
dictum.ultricies@metusurnaconvallis.edu,UGM74IMD4TA
dolor@lobortisrisusIn.com,ESV43LQH9NA
dolor@mollis.net,GNJ06HHN3OE
Donec.consectetuer@Integeraliquamadipiscing.net,QGY97RWS2RN
Donec.fringilla@Proinegetodio.edu,OAA36XOB7VS
Donec.nibh@id.edu,KVL17RTA4QG
dui.nec@nunc.org,HQT28JMG8KK
dui.quis@vitaealiquameros.co.uk,ZXO29IYZ8BB
dui@auctorodio.co.uk,EVJ52CXU1RJ
egestas@variuseteuismod.org,DCJ57OEV3FY
eget.metus@magnisdis.edu,YPS93TTW4JT
eleifend.nunc@Etiamlaoreet.co.uk,DZZ38QEY3II
enim.gravida.sit@seddictum.ca,NNR95VQP7RJ
erat.Sed.nunc@eget.ca,OFG29XOD9VT
erat.vitae@nullavulputatedui.com,FIH50VCA7EF
et.nunc.Quisque@insodales.co.uk,BHF69GVT1EA
et.rutrum@lectuspedeet.org,IYZ52IUP7RK
et@orciUt.ca,MGT02VCQ7XC
eu.eros@auctor.co.uk,JRC04KNW9DF
eu.placerat.eget@enim.co.uk,XJB15GLO3XE
eu.turpis.Nulla@miDuisrisus.ca,VFA89MET1HL
facilisis.vitae@ornaretortor.edu,NOG78KHO9UB
faucibus@eleifendnuncrisus.com,SHD92KOO1PW
Fusce.mollis@Donecfeugiatmetus.net,TWD19CXR0FZ
iaculis.lacus.pede@rhoncusNullam.co.uk,TVX79JOQ4BM
in.lobortis@ategestasa.co.uk,BCM55NPU5TM
In.mi@semper.org,YWK02ZFM0YU
Integer.mollis@egestasFusce.co.uk,DDW70KWW8KZ
ipsum.sodales.purus@Curabitursedtortor.co.uk,OAF71WZS1ZI
Jeff12345@gmail.com,drowssap
keshav19249@iiitd.ac.in,I dont know my password
lectus.Cum@Nulladignissim.co.uk,VXE65GAQ2SB
lectus.pede.et@semmagnanec.co.uk,XKT74PIL5VP
leslie7832@gmail.com,YourPasswordIsIncorrect
libero.nec@ipsum.edu,ZOG95SJL5GH
lobortis.quis.pede@estacfacilisis.ca,BNQ27XHI8LT
lorem.auctor@ligula.ca,FGF17HFS1SB
lorem.tristique@vel.ca,MNL06INV8LV
lorem@Inscelerisque.org,TCR92GWA3QU
lorem@nunc.com,BNE56DNF5UJ
magna.Suspendisse.tristique@egestas.edu,SDF83QHF5RY
magnis.dis.parturient@Morbi.org,TEE15PCN1AS
massa@sapien.co.uk,ILJ35ZQQ7VJ
mauris.aliquam@SedmolestieSed.com,GDE70FET7XF
mauris.eu.elit@hendrerit.co.uk,CWX82NFN6ZY
Mauris@mollisIntegertincidunt.org,EYZ71OVR9LQ
mi.lacinia.mattis@lobortismauris.co.uk,BGN11OPW3VF
montes@viverra.co.uk,KBO02OLK0ML
Nam.ligula.elit@pellentesquea.org,UHC94SNM6OI
nascetur@orcitincidunt.ca,BTC22JQB0FJ
nec.quam.Curabitur@nulla.ca,ILT49LPR1NN
nec@lacusMaurisnon.ca,SUC16QYU0DZ
nibh@tempusnonlacinia.org,QSQ80JFX0CV
nisi@luctuset.org,LLK67XKP9BP
Nulla.facilisis.Suspendisse@parturient.com,BGQ19RHL0QT
Nulla@rutrumurnanec.ca,UWV24FFW2LB
Nullam.vitae@Etiamimperdiet.net,MIZ59DGV9ZZ
nunc.ac.mattis@molestiearcuSed.org,MNO66ZPQ4JG
ornare.libero@tinciduntpede.ca,CBE23QUT9HM
pede.Cum.sociis@pharetra.co.uk,CMX80ANM3IM
pede@Phasellusat.net,GNE87MEI7ZU
penatibus.et.magnis@Nullaaliquet.com,UOZ37HLS6DF
peter9213@gmail.com,MahendraSinghDhoni
porttitor.scelerisque.neque@CuraeDonec.edu,FFH94CFV9VC
pretium.neque.Morbi@at.net,YDR05CHX3LJ
pretium@Donecporttitor.edu,QMS64IPB2UR
pritish19440@iiitd.ac.in,aSmallPassword
Proin.nisl.sem@odio.org,ZMD80AML4YY
purus.gravida.sagittis@nuncQuisque.net,IWD16LHV0KR
quam.a.felis@consectetueripsumnunc.edu,JSK02HOA7QR
quam@duinec.ca,DIK11TCI3NB
quis.diam.Pellentesque@consectetuermaurisid.co.uk,RTI63DHD1VP
Quisque.fringilla.euismod@commodo.co.uk,BIY96XZM7PF
Quisque@Donec.ca,IPX91HMO3HE
rasagya19088@iiitd.ac.in,rockandrolll
robert12@gmail.com,IamAlpha
robert1234@gmail.com,This is my password
scelerisque.dui.Suspendisse@vitae.edu,SCE33DAM8CE
scelerisque.lorem@quisarcu.com,GCZ63MYO4NJ
sed.dolor.Fusce@magnamalesuadavel.co.uk,OCB24TSO8LT
Sed.id.risus@Aliquam.org,TIK82RZC9QT
sed@feugiattellus.net,OHH89YBL2YD
Sed@Nam.net,MSU01EGG3TD
sed@sollicitudin.co.uk,FUK73IEP7AJ
senectus.et.netus@acipsumPhasellus.edu,ZMS29ROA9IK
sollicitudin@ametluctus.com,FCC37LKV1MY
tempus.mauris.erat@arcuCurabitur.ca,BSA98VOH5UX
tempus.mauris@Etiam.net,EPC77PKS0ZL
tincidunt.nunc.ac@MorbimetusVivamus.com,LIB27HLJ6AI
ultrices.posuere.cubilia@parturientmontes.co.uk,DBK44RZY6TM
urna.justo@Curabitur.com,UWY67KPK8QJ
ut@Sed.com,WJZ11WBG6TS
vinay19288@iiitd.ac.in,quertyuiop
vitae.sodales.at@Vivamuseuismodurna.com,WUZ52YJQ7MV
vulputate.dui.nec@laciniaorci.edu,SWN48YOU5PV
vulputate@vellectus.org,LIR83JOL0JO
yash19129@iiitd.ac.in,callmeyash
